qw123,Test@123
qw124,Test@123
qw125,Test@123
qw126,Test@123
qw127,Test@123
qw128,Test@123
qw129,Test@123
qw130,Test@123
qw131,Test@123
qw132,Test@123
qw133,Test@123
qw134,Test@123
qw135,Test@123
qw136,Test@123
qw137,Test@123
qw138,Test@123
qw139,Test@123
qw140,Test@123
qw141,Test@123
qw142,Test@123
qw143,Test@123
qw144,Test@123
qw145,Test@123
qw146,Test@123
qw147,Test@123
qw148,Test@123
qw149,Test@123
qw150,Test@123
qw151,Test@123
qw152,Test@123
qw153,Test@123
qw154,Test@123
qw155,Test@123
qw156,Test@123
qw157,Test@123
qw158,Test@123
qw159,Test@123
qw160,Test@123
qw161,Test@123
qw162,Test@123
qw163,Test@123
qw164,Test@123
qw165,Test@123
qw166,Test@123
qw167,Test@123
qw168,Test@123
qw169,Test@123
qw170,Test@123
qw171,Test@123
qw172,Test@123
qw173,Test@123
qw174,Test@123
qw175,Test@123
